{
	"task covariance":[[13.597712516784668, 13.98503303527832], [13.98503303527832, 19.885547637939453]],
	"mean weights":[[[0.9495608806610107], [2.911078453063965], [4.807619094848633], [5.6473236083984375], [7.154173851013184], [2.0971555709838867]], [[0.7707327008247375], [2.7379753589630127], [4.651361465454102], [5.442387580871582], [5.90354585647583], [1.01272714138031]]],
	"mean biases":[[1.70274019241333], [3.5812928676605225]],
	"time periodic ls":[[1.9335516691207886]],
	"covariate ls":[[3.760591745376587, 3.7180392742156982, 3.7519145011901855, 3.1525304317474365, 1.618517279624939]],
	"noise std":[1.5081449747085571],
	"nothing":[]
}
