{
	"task covariance":[[6.354517459869385, -5.376067161560059], [-5.376067161560059, 17.084163665771484]],
	"mean weights":[[[1.0008302927017212], [3.188560962677002], [5.196793556213379], [7.114842414855957], [9.426532745361328], [1.8592098951339722]], [[0.9131935238838196], [3.1879842281341553], [4.831164836883545], [6.21635103225708], [7.550740718841553], [0.9812158942222595]]],
	"mean biases":[[2.7617909908294678], [3.351285696029663]],
	"time periodic ls":[[2.298902750015259]],
	"covariate ls":[[3.7124383449554443, 3.734628677368164, 3.838179349899292, 2.8046953678131104, 1.2515677213668823]],
	"noise std":[1.7397313117980957],
	"nothing":[]
}
