{
	"task covariance":[[5.665448188781738, 1.6289417743682861], [1.6289417743682861, 1.0871520042419434]],
	"mean weights":[[[0.9487993717193604], [2.7389235496520996], [0.284682959318161]], [[0.9893689751625061], [3.084427833557129], [0.2004202902317047]]],
	"mean biases":[[-0.27922818064689636], [0.10237274318933487]],
	"time periodic ls":[[2.1411147117614746]],
	"noise std":[1.2429616451263428],
	"nothing":[]
}
